{"A": [0.0, 0.12562814070351758, 0.0, 0.1282051282051282, 0.2056367432150313, 0.24390243902439024, 0.05, 0.25, 0.13559322033898305, 0.0, 0.08383233532934131, 0.021052631578947368, 0.0, 0.0, 0.3235294117647059, 0.21470588235294116, 0.0, 0.0, 0.28888888888888886, 0.0, 0.09523809523809523, 0.012121212121212121, 0.0, 0.10126582278481013, 0.2, 0.0, 0.0, 0.0, 0.5, 0.0], "I": [0.01053001053001053, 0.4552443712246019, 0.9090909090909091, 0.9929988331388565, 0.8060095549409102, 0.7362637362637363, 0.9487179487179487, 0.9938712972420838, 0.9657320872274143, 1.0, 0.9731343283582089, 0.9638989169675091, 1.0, 0.7858606557377049, 0.9180327868852459, 0.9668737060041408, 1.0, 0.3333333333333333, 0.5157459989674755, 0.1261101243339254, 0.8859649122807017, 0.8538657604078165, 0.5714285714285714, 0.5693476884103863, 0.926829268292683, 0.875, 1.0, 0.0, 0.0, 1.0]}